"","DTXSID","CAS","Fabs","Fgut","Fhep","Fbio","SEEM3","ToxCast AED Fabs=Fgut=1","BER Fabs=Fgut=1","ToxCast AED Caco2","BER Caco2"
"5","DTXSID6023868","67485-29-4",0.0702,0.757,1,0.0531,0.000272,0.000731,2.69,0.00706,25.9
"6","DTXSID7047356","473289-62-2",0.391,0.671,0.754,0.198,0.000236,5.07,21500,16.5,70000
"3","DTXSID5038888","2390-60-5",0.274,0.759,1,0.208,3.39e-05,4.04e-05,1.19,0.00014,4.15
"4","DTXSID9022817","1260-17-9",0.312,0.76,0.998,0.237,0.00739,0.0125,1.69,0.0355,4.8
"1","DTXSID0021256","599-79-1",0.35,0.76,0.995,0.264,0.000277,0.0106,38.1,0.0352,127
"2","DTXSID9034864","181274-15-7",0.485,0.768,1,0.373,0.000113,0.0071,62.7,0.0172,152
